<?xml version="1.0" encoding="UTF-8"?>
<metadata xml:lang="en"><Esri><CreaDate>20190604</CreaDate><CreaTime>22263800</CreaTime><ArcGISFormat>1.0</ArcGISFormat><SyncOnce>TRUE</SyncOnce><DataProperties><lineage><Process ToolSource="c:\program files\arcgis\pro\Resources\ArcToolbox\toolboxes\Conversion Tools.tbx\FeaturesToJSON" Date="20190604" Time="222638">FeaturesToJSON Phase0a C:\Users\Kels-gabii1\Desktop\gabiiFulcrumImportTesting\gabiiTestingTimeline\Phase0aSUPoly.geojson FORMATTED NO_Z_VALUES NO_M_VALUES GEOJSON WGS84</Process></lineage></DataProperties></Esri></metadata>
