<?xml version="1.0" encoding="UTF-8"?>
<metadata xml:lang="en"><Esri><CreaDate>20190603</CreaDate><CreaTime>17345000</CreaTime><ArcGISFormat>1.0</ArcGISFormat><SyncOnce>TRUE</SyncOnce><DataProperties><lineage><Process ToolSource="c:\program files\arcgis\pro\Resources\ArcToolbox\toolboxes\Conversion Tools.tbx\FeaturesToJSON" Date="20190603" Time="173450">FeaturesToJSON Phase4a C:\Users\Kels-gabii1\Documents\ArcGIS\Projects\Gabii\Phase4a_SUPoly.geojson FORMATTED NO_Z_VALUES NO_M_VALUES GEOJSON WGS84</Process></lineage></DataProperties></Esri></metadata>
